model,RMSE,MAE,MAPE(%)
Ridge,0.5595138748727315,0.42112472772958354,10.294011199072196
HistGradientBoosting,0.7543385857430192,0.5996240038826147,14.223931385636773
RandomForest,1.0775111701587083,0.9721397058823532,22.751689637451307
