model,RMSE,MAE,MAPE(%)
Ridge,0.18860013390569902,0.1327899052890442,5.2413956314745835
ExtraTrees,0.20190595896941987,0.1629191584967315,6.2641705268173915
HistGradientBoosting,0.20303463968022128,0.1571276115658492,6.035742464753198
RandomForest,0.2089045655023989,0.16928995098039457,6.45633936919162
GradientBoosting,0.22986584488909564,0.17966925763605723,6.963724325397716
