model,RMSE,MAE,MAPE(%)
Ridge,0.18860013390569902,0.1327899052890442,5.2413956314745835
ExtraTrees,0.20190595896941987,0.1629191584967315,6.2641705268173915
HistGradientBoosting,0.20303463968022128,0.1571276115658492,6.035742464753198
