model,RMSE,MAE,MAPE(%)
Ridge,0.3127533299359288,0.23024936709902652,9.517870669398047
HistGradientBoosting,0.4315595939051882,0.3013440688459512,11.86198971529836
ExtraTrees,0.4897998118375122,0.37394264705882374,14.889510113798671
