model,RMSE,MAE,MAPE(%)
Ridge,0.4910284169970445,0.4419888227775922,14.496684909832947
RandomForest,0.5362235404675593,0.47907236519607976,15.676636831574925
ExtraTrees,0.5429635486984912,0.4849311683006577,15.8463053008999
HistGradientBoosting,0.6361749037054398,0.5781409207285065,18.978159301059904
GradientBoosting,0.7732275477666112,0.7063380881582322,23.22006636254726
