model,RMSE,MAE,MAPE(%)
Ridge,0.4910284169970445,0.4419888227775922,14.496684909832947
RandomForest,0.5362235404675593,0.47907236519607976,15.676636831574925
ExtraTrees,0.5429635486984912,0.4849311683006577,15.8463053008999
