model,RMSE,MAE,MAPE(%)
RandomForest,0.4137502113584883,0.34674193548387117,14.292378134650347
ExtraTrees,0.42175829601781806,0.3511881720430068,14.393461944181327
Ridge,0.43060817614215097,0.35593782182730493,15.081785063334388
HistGradientBoosting,0.43901120078932676,0.36598851547297534,15.247586946737105
GradientBoosting,0.4830875081247845,0.4220475116260454,17.37848733747665
