model,RMSE,MAE,MAPE(%)
RandomForest,0.4137502113584883,0.34674193548387117,14.292378134650347
ExtraTrees,0.42175829601781806,0.3511881720430068,14.393461944181327
Ridge,0.43060817614215097,0.35593782182730493,15.081785063334388
