model,RMSE,MAE,MAPE(%)
HistGradientBoosting,0.086829179093631,0.0699645766909816,7.16194751589253
GradientBoosting,0.09427051433985886,0.07536842702924187,7.911878073253254
ExtraTrees,0.10850685943787694,0.09162720588235469,9.196814903933499
RandomForest,0.11124922256259757,0.09352015931372591,9.6968671783281
Ridge,0.14154785779616227,0.12237081918695739,12.359918112890773
