model,RMSE,MAE,MAPE(%)
HistGradientBoosting,0.086829179093631,0.0699645766909816,7.16194751589253
GradientBoosting,0.09427051433985886,0.07536842702924187,7.911878073253254
ExtraTrees,0.10850685943787694,0.09162720588235469,9.196814903933499
