model,RMSE,MAE,MAPE(%)
ExtraTrees,0.3110675910762827,0.2599410947712423,11.441420861600223
Ridge,0.33855454796843293,0.28446574418764,12.87056676004282
RandomForest,0.4277089425343424,0.34468621323529325,13.286129155818022
HistGradientBoosting,0.4850754748615747,0.4187577898233844,16.89326253752262
GradientBoosting,0.49391406240858027,0.40830586696416027,15.844065566202545
