model,RMSE,MAE,MAPE(%)
Ridge,0.17628772015264602,0.1390865702980227,10.196468409192992
HistGradientBoosting,0.3309957123968282,0.30523723276391723,20.848438934775587
GradientBoosting,0.3534305300423972,0.3153758647467831,21.44771710402214
ExtraTrees,0.37446143934424203,0.34751262254902215,23.610275571606653
RandomForest,0.3774149800082809,0.3488126838235297,23.749376873596326
