model,RMSE,MAE,MAPE(%)
Ridge,0.17628772015264602,0.1390865702980227,10.196468409192992
HistGradientBoosting,0.3309957123968282,0.30523723276391723,20.848438934775587
GradientBoosting,0.3534305300423972,0.3153758647467831,21.44771710402214
