model,RMSE,MAE,MAPE(%)
ExtraTrees,0.12181392888380124,0.09202425373134318,8.796921314464425
Ridge,0.1285068770586579,0.09824012572481905,8.460504292778
GradientBoosting,0.12939615259560325,0.09770670382435317,9.265650762538606
