model,RMSE,MAE,MAPE(%)
HistGradientBoosting,0.5921924291992591,0.45423036846535164,13.807293768435361
Ridge,0.6618187786550659,0.5065081838362596,15.31517763342784
ExtraTrees,0.6624531143160639,0.532601593137254,16.222757074461363
RandomForest,0.7420293426756409,0.6060680147058811,18.52373419085565
GradientBoosting,0.8121377130236288,0.6688469142761901,20.603454209937823
