model,RMSE,MAE,MAPE(%)
HistGradientBoosting,0.5921924291992591,0.45423036846535164,13.807293768435361
Ridge,0.6618187786550659,0.5065081838362596,15.31517763342784
ExtraTrees,0.6624531143160639,0.532601593137254,16.222757074461363
