model,RMSE,MAE,MAPE(%)
RandomForest,0.27081991602414063,0.21889516129032258,11.438489783215203
GradientBoosting,0.27808578877823703,0.21908570745251216,11.625000160748758
HistGradientBoosting,0.29910489697584003,0.2402723665385404,12.450677983934652
Ridge,0.3192312611825244,0.2677212178207818,13.568966468504998
ExtraTrees,0.3472333564164662,0.2797715053763452,14.265059136558126
