model,RMSE,MAE,MAPE(%)
RandomForest,0.27081991602414063,0.21889516129032258,11.438489783215203
GradientBoosting,0.27808578877823703,0.21908570745251216,11.625000160748758
HistGradientBoosting,0.29910489697584003,0.2402723665385404,12.450677983934652
