model,RMSE,MAE,MAPE(%)
ExtraTrees,0.7765155093750804,0.7177219362745095,30.121350624248016
HistGradientBoosting,0.8929057020693106,0.8372453941546569,35.46173414890432
Ridge,0.9230049419386002,0.8698307718041893,36.51795101876627
